{
  "hash": "fb7a4f4b",
  "configHash": "5b3fc1ae",
  "lockfileHash": "43be3372",
  "browserHash": "b0ec0ab8",
  "optimized": {
    "@angular/common": {
      "src": "../../../../../../node_modules/@angular/common/fesm2022/common.mjs",
      "file": "@angular_common.js",
      "fileHash": "4bff587a",
      "needsInterop": false
    },
    "@angular/core": {
      "src": "../../../../../../node_modules/@angular/core/fesm2022/core.mjs",
      "file": "@angular_core.js",
      "fileHash": "71227e2d",
      "needsInterop": false
    },
    "@angular/localize/init": {
      "src": "../../../../../../node_modules/@angular/localize/fesm2022/init.mjs",
      "file": "@angular_localize_init.js",
      "fileHash": "ef7f43f4",
      "needsInterop": false
    },
    "@angular/platform-browser": {
      "src": "../../../../../../node_modules/@angular/platform-browser/fesm2022/platform-browser.mjs",
      "file": "@angular_platform-browser.js",
      "fileHash": "a880bf91",
      "needsInterop": false
    },
    "@angular/router": {
      "src": "../../../../../../node_modules/@angular/router/fesm2022/router.mjs",
      "file": "@angular_router.js",
      "fileHash": "809f57ec",
      "needsInterop": false
    }
  },
  "chunks": {
    "chunk-62KZAT73": {
      "file": "chunk-62KZAT73.js"
    },
    "chunk-Z6XVVWQ5": {
      "file": "chunk-Z6XVVWQ5.js"
    },
    "chunk-LMM77N2W": {
      "file": "chunk-LMM77N2W.js"
    },
    "chunk-GOMI4DH3": {
      "file": "chunk-GOMI4DH3.js"
    }
  }
}