{
  "hash": "2223846a",
  "configHash": "a39f2ae5",
  "lockfileHash": "43be3372",
  "browserHash": "83590739",
  "optimized": {
    "@angular/core": {
      "src": "../../../../../../node_modules/@angular/core/fesm2022/core.mjs",
      "file": "@angular_core.js",
      "fileHash": "37d346f0",
      "needsInterop": false
    },
    "@angular/localize/init": {
      "src": "../../../../../../node_modules/@angular/localize/fesm2022/init.mjs",
      "file": "@angular_localize_init.js",
      "fileHash": "902d09c3",
      "needsInterop": false
    },
    "@angular/platform-browser": {
      "src": "../../../../../../node_modules/@angular/platform-browser/fesm2022/platform-browser.mjs",
      "file": "@angular_platform-browser.js",
      "fileHash": "b91702b3",
      "needsInterop": false
    },
    "@angular/platform-server/init": {
      "src": "../../../../../../node_modules/@angular/platform-server/fesm2022/init.mjs",
      "file": "@angular_platform-server_init.js",
      "fileHash": "456130a4",
      "needsInterop": false
    },
    "@angular/router": {
      "src": "../../../../../../node_modules/@angular/router/fesm2022/router.mjs",
      "file": "@angular_router.js",
      "fileHash": "d9a23bb5",
      "needsInterop": false
    },
    "@angular/ssr": {
      "src": "../../../../../../node_modules/@angular/ssr/fesm2022/ssr.mjs",
      "file": "@angular_ssr.js",
      "fileHash": "df312c51",
      "needsInterop": false
    },
    "@angular/ssr/node": {
      "src": "../../../../../../node_modules/@angular/ssr/fesm2022/node.mjs",
      "file": "@angular_ssr_node.js",
      "fileHash": "72c98979",
      "needsInterop": false
    },
    "express": {
      "src": "../../../../../../node_modules/express/index.js",
      "file": "express.js",
      "fileHash": "7965a73c",
      "needsInterop": true
    },
    "@angular/common": {
      "src": "../../../../../../node_modules/@angular/common/fesm2022/common.mjs",
      "file": "@angular_common.js",
      "fileHash": "11f14dc0",
      "needsInterop": false
    }
  },
  "chunks": {
    "xhr2-4VDN2AEZ": {
      "file": "xhr2-4VDN2AEZ.js"
    },
    "chunk-DKE3QRB4": {
      "file": "chunk-DKE3QRB4.js"
    },
    "chunk-PJBRPKK6": {
      "file": "chunk-PJBRPKK6.js"
    },
    "chunk-UEBSM2WV": {
      "file": "chunk-UEBSM2WV.js"
    },
    "chunk-RP4YUEK6": {
      "file": "chunk-RP4YUEK6.js"
    },
    "chunk-VU6TLLPU": {
      "file": "chunk-VU6TLLPU.js"
    },
    "chunk-6DU2HRTW": {
      "file": "chunk-6DU2HRTW.js"
    }
  }
}