{
  "hash": "a0b30d4c",
  "configHash": "52bc041f",
  "lockfileHash": "2368313f",
  "browserHash": "be9d9771",
  "optimized": {
    "@angular/common": {
      "src": "../../../../../../node_modules/@angular/common/fesm2022/common.mjs",
      "file": "@angular_common.js",
      "fileHash": "60beacc9",
      "needsInterop": false
    },
    "@angular/common/http": {
      "src": "../../../../../../node_modules/@angular/common/fesm2022/http.mjs",
      "file": "@angular_common_http.js",
      "fileHash": "79069bd9",
      "needsInterop": false
    },
    "@angular/core": {
      "src": "../../../../../../node_modules/@angular/core/fesm2022/core.mjs",
      "file": "@angular_core.js",
      "fileHash": "5c38f361",
      "needsInterop": false
    },
    "@angular/forms": {
      "src": "../../../../../../node_modules/@angular/forms/fesm2022/forms.mjs",
      "file": "@angular_forms.js",
      "fileHash": "a71cbd6a",
      "needsInterop": false
    },
    "@angular/platform-browser": {
      "src": "../../../../../../node_modules/@angular/platform-browser/fesm2022/platform-browser.mjs",
      "file": "@angular_platform-browser.js",
      "fileHash": "d44ac3e2",
      "needsInterop": false
    },
    "@angular/router": {
      "src": "../../../../../../node_modules/@angular/router/fesm2022/router.mjs",
      "file": "@angular_router.js",
      "fileHash": "e9991146",
      "needsInterop": false
    },
    "zone.js": {
      "src": "../../../../../../node_modules/zone.js/fesm2015/zone.js",
      "file": "zone__js.js",
      "fileHash": "56d9a74e",
      "needsInterop": true
    }
  },
  "chunks": {
    "chunk-67ZSW63B": {
      "file": "chunk-67ZSW63B.js"
    },
    "chunk-LM26XZLP": {
      "file": "chunk-LM26XZLP.js"
    },
    "chunk-VPHYDAOD": {
      "file": "chunk-VPHYDAOD.js"
    },
    "chunk-KV3DEHWK": {
      "file": "chunk-KV3DEHWK.js"
    },
    "chunk-D6BFUL3E": {
      "file": "chunk-D6BFUL3E.js"
    },
    "chunk-WDMUDEB6": {
      "file": "chunk-WDMUDEB6.js"
    }
  }
}