{
  "hash": "a1aa7dc9",
  "configHash": "e517e95d",
  "lockfileHash": "00a8e7db",
  "browserHash": "f9df6b3f",
  "optimized": {
    "@angular/core": {
      "src": "../../../../../../node_modules/@angular/core/fesm2022/core.mjs",
      "file": "@angular_core.js",
      "fileHash": "6772ab72",
      "needsInterop": false
    },
    "@angular/localize/init": {
      "src": "../../../../../../node_modules/@angular/localize/fesm2022/init.mjs",
      "file": "@angular_localize_init.js",
      "fileHash": "3fdbde0b",
      "needsInterop": false
    },
    "@angular/platform-browser": {
      "src": "../../../../../../node_modules/@angular/platform-browser/fesm2022/platform-browser.mjs",
      "file": "@angular_platform-browser.js",
      "fileHash": "45b0b390",
      "needsInterop": false
    },
    "@angular/router": {
      "src": "../../../../../../node_modules/@angular/router/fesm2022/router.mjs",
      "file": "@angular_router.js",
      "fileHash": "25a7357a",
      "needsInterop": false
    }
  },
  "chunks": {
    "chunk-MCJFPTK5": {
      "file": "chunk-MCJFPTK5.js"
    },
    "chunk-LMM77N2W": {
      "file": "chunk-LMM77N2W.js"
    },
    "chunk-GOMI4DH3": {
      "file": "chunk-GOMI4DH3.js"
    }
  }
}